Day,전국,수도권,지방,서울,부산,대구,인천,광주,대전,울산,경기,강원,충북,충남,전북,전남,경북,경남,제주
06-Jan,62,65.4,59.1,60.7,49.7,62.5,62.4,54.2,76.1,48.9,69.2,61.2,65.2,75.4,57,51,66.3,63,38.7
06-Feb,62.7,66.6,59.2,61.7,49.5,62.6,62.8,53.9,75.6,49,70.5,61.8,66.4,76.2,57.3,50.7,66.3,62.9,37.6
06-Mar,63.3,67.7,59.2,63.2,49.1,62.4,63.2,53.8,74.9,49.8,71.4,59.9,66.9,77,58,51.1,66.4,63.2,35.8
06-Apr,63.8,68.4,59.2,64.1,48.6,62.3,63.7,53.7,74.3,50.4,72.2,60.8,67.7,77,58.3,51.5,66.2,62.8,36
06-May,64.1,69,59.1,64.2,48.2,61.9,64.1,53,73.8,51.6,73.2,61.8,67.3,75,58.4,52.7,66.2,62.7,36.5
06-Jun,64.7,69.4,59.9,64.4,48.4,61.6,64.8,54,73.7,52.9,73.7,62.6,67.9,76.9,60,53.8,68.7,62.9,37.3
06-Jul,65,70,59.9,64.9,48.7,61,65,54,73.4,53.6,74.4,61.6,67.4,77.1,60,53.9,68.7,62.7,38.5
06-Aug,66,71.3,60.5,66.1,48.6,61.3,65.8,54.4,73.4,54.7,75.9,62,68,76.9,60.4,54.7,70.2,64.1,38.9
06-Sep,67.2,72.9,60.8,67.3,48.5,61.4,66.4,54.2,73.7,57.2,77.9,62.4,68,77.2,60.7,55,70.9,64.2,38.4
06-Oct,69.7,76.8,61.1,70.3,48.5,61.3,68,54.4,73.6,58.9,82.8,61.8,68,76.6,61.5,55.2,71.3,64.5,38.7
06-Nov,72.5,80.9,61.5,73.1,48.8,61.4,71.1,54,74.1,60.7,88.1,61.3,68.1,76.5,62,56,71.6,65.4,38.3
06-Dec,73.1,82.1,61.3,73.8,48.4,60.8,73.9,53.8,73.9,62.1,89.4,60.5,68.2,75.6,62.1,56.1,71.5,64.7,39.1
07-Jan,74.6,84.2,62.4,75.6,49,61.2,76.5,54.4,74.2,65,91.6,61.3,68.8,77.2,63.3,57.2,73.6,66.6,39.2
07-Feb,74.6,84.2,62.6,75.5,49,61,77,54.9,73.9,65.8,91.4,61.4,68.7,77,63.7,57.3,73.9,67.2,38.5
07-Mar,74.9,84.8,62.9,76.3,49.4,61.4,78.3,54.9,73.6,67.6,91.9,61.3,68.7,77.7,63.7,57.2,74.4,66.9,39.7
07-Apr,74.6,84.4,62.8,75.7,49.4,60.7,79.1,54.3,72.8,67.8,91.4,61.8,69.3,78,63.2,58.4,75.1,66.6,38.8
07-May,74,83.8,62.5,74.7,49.3,59.9,80.2,54.3,72.6,65.9,90.5,61.8,68.9,77.2,63.6,58,74.8,66.6,39.5
07-Jun,74.6,84.9,62.5,76.3,49.5,59.6,81.2,54.2,72.9,65.9,91.4,61.4,68.1,77.7,64,58.8,74.4,66.9,39.6
07-Jul,75.1,85.7,62.6,76.9,49.8,59.8,82.3,54.4,72.3,66.3,92.2,61.6,68.2,78.4,64.2,59.4,73.8,66.9,39.3
07-Aug,75.6,86.6,62.7,77.4,49.9,59.7,83.9,54.3,72.9,66.5,93.2,61.3,68.1,78.4,64,59.3,74.4,67.1,39.5
07-Sep,76,87,63.1,77.6,50.2,59.6,85.3,54.8,72.9,66.8,93.5,61.9,68.8,79.2,64.3,59.5,74.5,67.9,41.2
07-Oct,76.2,87.6,63.1,78,50.4,59.7,86.9,54.4,73.4,66.5,93.8,61.7,68.6,79.3,64.4,60.4,73.7,68.2,41.1
07-Nov,76.1,87.5,63.1,77.8,50.3,59.2,88.1,54.4,72.9,65.8,93.6,61.1,68.6,79.3,64.9,61.7,73.7,68.7,40.5
07-Dec,76.1,87.7,63,78,50.2,59.3,88.2,54.3,73.1,65.6,93.7,61.1,68.8,79.1,65.3,62.3,72.7,68.4,40.7
08-Jan,76.7,88.5,63.5,78.9,50.6,59.7,89.6,54.7,73.7,66.1,94.3,61.4,69.3,79.4,65.7,63.5,73.8,68.9,41
08-Feb,77.3,89.3,63.8,80.1,50.9,59.5,90.2,54.9,73.7,66,95,61.8,69.9,80.2,66,64.9,74.3,69.3,40.7
08-Mar,78.2,90.9,64.1,82,51.2,59.8,92.5,55.3,73.6,66.5,96,62,70.2,80.1,66.8,65.4,74.7,69.3,41.9
08-Apr,79.2,92.5,64.4,83.8,51.8,59.7,95.2,55.3,74,66.6,97.2,61.9,70,80.1,67.8,66.5,74.6,69.6,41.9
08-May,79.9,93.6,64.6,84.5,52,59.4,97.1,55.5,73.7,66.3,98.4,62.8,70.4,80.5,68.1,68.3,74.1,69.9,42.4
08-Jun,80.4,94.6,64.8,84.9,52.2,59.1,99.9,55.2,74.3,66.1,99.2,63.8,71,81.9,68.9,68.1,74.3,70.1,41.8
08-Jul,80.5,94.5,65.1,84,52.5,59,101.6,55.4,74.2,65.8,99.1,64.6,71.3,82.9,70.2,67.7,74.4,70.7,41.7
08-Aug,80.5,94.6,65.3,84.1,52.6,58.6,103.4,55.9,74.4,65.4,98.5,64.9,70.9,83.9,70.6,69,74.7,70.7,40.9
08-Sep,79.7,93.4,65.2,82.4,52.8,58.5,103.3,55.6,74.5,65.1,97.5,64.8,71.1,84.6,70,69,74.3,71,41.5
08-Oct,77.9,90,65.3,78.8,52.8,57.9,100.7,55.3,74.1,64.4,93.9,63.8,71.3,84.2,73.1,68.8,74.1,71.2,40.9
08-Nov,75.3,85.9,64.6,74.3,52.3,57,97.1,55.2,72.9,63.5,90,63.5,70.6,83.1,70.3,68.5,73.9,70.9,41.2
08-Dec,72.6,81.5,63.7,70.2,51.7,55.8,92.9,54.3,72.8,63.1,85.3,61.8,69.4,82.5,70.4,67,72,70,42.9
09-Jan,73,82.5,63.6,73.1,51.8,55.2,93.1,53.8,72.3,62,85.4,62.6,70,82.4,69.8,67.2,71.9,69.8,42.5
09-Feb,74.2,84.6,63.9,75.9,52.3,55.5,93.4,54.4,72.8,62.4,87.5,62.4,69.9,81.9,70.4,68.2,72.6,70.2,42.7
09-Mar,74.6,85.3,64.1,76.6,52.7,55.2,94.1,54.2,72.9,62.3,88.2,63.2,69.7,82.9,70.9,68.1,72.6,70.3,42
09-Apr,75.7,87.3,64.2,79.1,52.8,55.8,95.4,53.9,73.6,63.1,90.2,62.8,69.6,82.1,71.4,68.2,72.7,70.6,42.8
09-May,76.8,89,64.6,80.4,53.2,56.1,96.8,54.1,74.3,63.9,92.3,63.2,70,82.2,71.8,67.8,72.7,71.2,41.9
09-Jun,77.6,90.4,64.8,82,53.5,56.2,97.8,54,75.1,64.5,93.6,63.6,70.3,82,71.4,69.1,72.9,71.2,42.8
09-Jul,78.4,91.7,65.2,83.7,53.8,56.6,99.2,54.4,75.8,65.3,94.7,63.2,70.6,82.1,72.8,69.7,73.1,71.6,43.7
09-Aug,79.5,93.3,65.8,85.5,54.7,57.2,100.1,54.6,76.6,66.1,96.3,63.6,71.2,83.2,73.2,70.2,73.1,72.2,44
09-Sep,80.2,94.2,66.5,86.4,55.5,57.9,101.2,54.9,77.8,67.2,97.2,64.4,71.7,83.2,73.8,71,74.2,72.8,44.6
09-Oct,80,93.5,67,85.8,56.1,58.1,100.7,54.8,78.9,67.8,96.3,64.3,72.2,83.4,74.5,71.6,74.5,73.3,45.4
09-Nov,79.4,92.4,67.1,84.6,56.6,57.7,99.5,54.7,79.1,67.6,95.3,64.4,72.1,83,75,72.3,74.3,73.5,45.5
09-Dec,79,91.5,67.2,84.3,56.9,57.8,98.3,55.1,79.4,67.6,94.1,64.7,72.5,82.7,75,71.9,75.1,73.5,45.3
10-Jan,79.8,92.5,67.9,85.6,57.8,58,100,55.4,80.5,68,94.8,65.3,72.7,83.6,76.1,72.7,74.9,74.4,46.6
10-Feb,79.7,92.2,68.1,85.3,58.3,57.8,98.9,55.5,80.9,68.1,94.6,65.3,72.9,83.8,77.1,72.8,75,74.5,46.7
10-Mar,79.6,91.5,68.7,84.8,59.3,57.8,99,55.6,81.4,68.4,93.7,66,73.5,84,78,73.8,75.2,75.3,47.3
10-Apr,78.8,89.9,68.9,83.1,59.7,57.4,97.6,55.6,82.1,67.9,92,65.9,74,83.8,78.6,74.3,74.6,75.6,47.9
10-May,78.3,88.6,69.2,81.7,60.3,57.6,96,55.9,81.6,68,90.8,66.4,74.1,84,79,74.7,74.6,76.4,48.7
10-Jun,77.9,87.6,69.3,80.8,60.9,57.3,95.6,55.8,81.8,67.7,89.7,65.7,74,83.4,79.5,74.6,74.6,77,49.5
10-Jul,77.6,86.7,69.7,80.1,61,57.2,95,56.3,82.4,67.3,88.6,65.9,74.6,83.4,80.3,75.7,74.5,77.9,49.4
10-Aug,77.5,86.1,70,79.6,61.8,57.3,94,56.3,83,67.3,88.1,65.6,75.1,83.6,80.6,76,74.7,78.4,50.8
10-Sep,78.1,86.8,70.6,80.4,62.7,57.5,94.6,56.4,83.7,68.1,88.7,66.2,75.4,84,80.8,76.8,75,79.9,49.7
10-Oct,78.6,87,71.4,80.5,63.7,57.6,94.3,57.1,84.2,68.8,89,66.6,76,84.6,82.8,77,75.9,80.7,51
10-Nov,79.1,87.4,72,81.2,64.6,58.1,94.3,57.6,85.8,68.9,89.5,66.5,76.7,84.8,82.8,77.9,75.6,81.9,51.2
10-Dec,79.9,88.1,72.8,82.2,65.8,58.3,94.5,58.5,87.3,69.6,90.2,66.5,76.7,84.8,84.1,79.1,75.7,83.7,51.2
11-Jan,81.3,89.3,74.4,83.5,67.6,59.1,94.8,59.8,89.7,70.7,91.5,67.5,78.9,85.9,85.3,80.8,76.4,86.2,52
11-Feb,82.5,90.1,76,84,69.8,60.3,95.2,62,91.5,71.2,92.7,68.8,80,86.8,86.5,81.6,77.4,89,50
11-Mar,83.4,90,77.8,83.8,72.1,61,95,64.5,92.4,72.8,92.7,69.7,81.6,87.3,88.6,83.2,78.3,92.5,53.6
11-Apr,83.9,89.5,79.2,83.2,74.1,61.7,94.4,65.9,93.1,74.3,92.2,70.4,82.7,88.2,90.7,84.5,79.1,94.4,54.1
11-May,84.1,89,80,82.6,75,62,93.1,67,94.5,75.8,91.9,71.2,83.2,89.4,91.7,86.5,79.4,95.1,51.8
11-Jun,84.4,88.5,80.8,82.1,76,62.5,92.4,67.3,96.5,76.4,91.6,72.2,84.9,89.2,93.1,85.7,80.1,95.9,55
11-Jul,84.8,88.5,81.7,82.2,76.8,63.1,92.2,67.7,98.4,77.8,91.5,73.6,86.2,90,93.5,86.5,81.2,97,55.7
11-Aug,85.4,88.6,82.6,82.4,77.4,63.8,91.8,68.6,98.6,78.3,91.7,76.2,87.4,91.2,95.4,87.2,81.6,97.8,55.9
11-Sep,86,88.5,83.8,82.2,78.7,64.5,91.5,69.2,99.7,80.1,91.7,77.5,88.7,91.8,98.2,88.6,82.4,98.9,56.7
11-Oct,85.9,88,84.1,81.6,78.4,65.1,90.7,69.9,99.7,81.2,91.4,77.8,90.1,92.8,98.6,88.9,83.1,98.6,57.1
11-Nov,85.4,87.1,83.9,80.9,78.2,65.2,89.9,69.4,98.4,81.5,90.3,76.7,90.3,92.9,98.2,88.9,83.5,98.6,57.7
11-Dec,84.7,86.3,83.2,80,77.3,65,89,68.7,97.2,81.8,89.6,76.4,90,92.5,97.5,88.1,83.4,96.7,56.5
12-Jan,85.4,86.2,84.6,80,78.3,65.8,88.7,69.9,98,83,89.5,78.4,92.2,93.4,100.3,90,84.5,98.4,57.5
12-Feb,85.5,86,85,79.8,78.5,66.4,88.5,71,97.7,84.4,89.3,78.7,92.8,94.2,100.8,89.2,85,98.7,57.3
12-Mar,85.3,85.4,85,79.2,78.4,66.6,88.2,70.9,96.8,84.8,88.6,78.7,93.5,94.8,99.8,90.5,85.7,98.4,60
12-Apr,84.9,84.6,84.9,78.5,78.1,66.5,87.6,71,95.6,85.8,87.7,78.6,94,94.7,99.7,91,86.1,98.1,57.6
12-May,84.9,84.2,85,78.3,77.8,66.9,87.1,71.7,94.8,86.3,87.3,78.5,94,95.7,99.1,91.5,87,98,59.3
12-Jun,84.4,83.5,84.7,77.5,77.6,67.1,86.3,71.5,94.1,86.9,86.7,78.3,93.4,95.4,99.3,90.2,86.9,97,57.1
12-Jul,83.8,82.5,84.5,76.6,76.6,67.2,85.3,71.3,94.2,86.4,85.6,78.1,94,95.8,98.1,90.6,87.8,96.7,57.2
12-Aug,83.7,82,84.7,75.8,76.9,67.9,84.8,70.9,93.1,86,85.3,77.9,94.7,96.6,97.7,90.7,88.6,97.2,58.7
12-Sep,83.8,81.8,85,75.5,77.2,68.4,84.4,71.9,93.8,86.4,85.1,78.5,95.5,96.7,97,90.9,88.9,96.7,60.8
12-Oct,83.7,81.7,84.9,75.4,77,68.8,84.1,72,94,86.8,85,78.1,95.1,97.2,96.9,90.8,89.3,96.4,60.5
12-Nov,83.3,81.2,84.5,75.3,76.4,68.9,83.3,72,93.4,85.7,84.5,77.8,94.3,97.3,95.4,90.5,89.6,95.7,59.4
12-Dec,82.3,80.4,83.5,74.4,75.5,68.6,82.7,70.7,93.3,85,83.7,76.3,93.8,96.1,93.3,88.7,88.8,94.8,57.6
13-Jan,83.3,80.6,84.9,74.9,76.8,69.9,82.9,72.4,94.3,86.3,83.7,77.8,95.4,98,95.5,90.4,90.9,95.8,58.6
13-Feb,83.4,80.7,85.1,75.2,76.6,70.2,82.5,72.8,94.4,86.3,83.7,78.5,96.4,98.4,95.3,89.4,91.5,96,58.4
13-Mar,83.8,81.1,85.4,75.8,77.1,70.9,82.9,73.2,94.5,86.2,84,78.7,96.3,98.8,95.3,89.7,92.4,96.5,56.3
13-Apr,84,81.3,85.7,76.1,77.2,71.8,82.9,73.4,94.7,86.9,84.3,78.4,96.1,98.8,95.1,89.2,93.1,97.2,57.2
13-May,84.1,81.5,85.7,76.1,77.1,72.6,82.9,73.4,94.9,86.3,84.5,78.5,96.2,98.7,94.8,89.1,93.9,97.2,58.4
13-Jun,83.8,81.1,85.4,75.8,76.9,73.2,82.5,73.1,94.9,85.9,84.2,77.7,95.3,98.4,94.1,87.9,94.4,96.6,56.7
13-Jul,84.4,81.1,86.5,75.7,77.5,74.5,82.7,74.3,95.5,87,84.2,79.1,96.9,99.1,95.4,89.2,95.6,98,59.2
13-Aug,84.8,81.6,86.9,75.9,77.5,75.2,83.5,75.1,95.9,87.4,84.7,78.8,96.9,100.2,95.3,89.4,97.2,98.4,57.9
13-Sep,85.4,82.2,87.4,76.8,78.2,76.2,83.8,75.2,96.1,88.3,85.4,79.5,98.1,100,95.7,89.8,97.8,98.6,58.8
13-Oct,85.9,82.6,87.9,77,78.4,77.6,84.2,75.9,96.8,88.8,85.9,79.4,97.8,100.7,96.3,89.9,98.7,99,59.7
13-Nov,85.8,82.4,87.9,76.8,78.6,78.5,84.1,76.2,96.6,88.9,85.6,79,98.1,100.6,95.3,88.9,98.7,98.9,59.7
13-Dec,85.5,82.1,87.7,76.2,78,78.3,84,76.4,96.7,88.5,85.5,79.4,98.5,100.8,94.6,87.2,98.7,98.7,59.4
14-Jan,86.2,82.8,88.5,77.1,78.5,79.8,84.4,77.3,96.8,89.2,86,79.7,99.6,101.9,95.1,88.7,99.9,99.3,60.7
14-Feb,86.7,83.4,88.8,77.6,78.3,80.5,85.2,77.4,97.6,89.7,86.6,80,100,102.2,95.4,88.4,100.6,100.1,59.9
14-Mar,87.3,83.8,89.6,78,79.5,81.4,86,78.4,97.3,90.1,87,80,101.1,102.8,95.2,89,101.9,101,61.2
14-Apr,87.2,83.6,89.6,77.7,79.5,81.3,86,78.5,96.8,90.8,86.8,79.5,101.3,102.9,95.4,87.7,102,101.4,60.4
14-May,87.2,83.5,89.7,77.5,79.7,81.8,85.7,78.7,96,90.4,86.8,80.3,102.3,103.3,94.9,87,102.4,101.2,60.1
14-Jun,87.4,83.5,89.9,77.4,79.7,82.3,85.6,78.4,96.9,91.2,86.9,80.4,103.4,103.6,94.9,87.1,102.2,101.3,62.3
14-Jul,87.7,83.8,90.3,77.7,79.9,83.4,86.1,79.1,96.5,91.6,87.1,80.6,104,103.9,94.3,87,102.9,101.8,60.7
14-Aug,88.4,84.4,91,78.7,80.5,84.6,86.3,80,96.8,91.6,87.7,81,104.2,105,96.1,87.3,104.3,102.2,63.5
14-Sep,89.1,85.3,91.7,79.4,81.1,86,87,80.9,96.9,93.3,88.5,80.8,105.8,105,96,87.3,105.1,103.1,64.8
14-Oct,89.7,85.6,92.4,79.8,81.5,87.5,87.7,82,97.7,93.6,88.9,81.4,106.7,105.8,96.5,86.9,106.2,103.7,65
14-Nov,89.9,85.8,92.8,79.8,81.8,88.8,87.5,83.2,97.4,93.7,89.1,81.6,106.6,105.5,95.9,86.9,106.4,104.3,66.1
14-Dec,90.1,85.8,93,79.7,81.9,89.7,87.9,84.3,97.3,94.2,89.3,80.6,106.8,105.8,95.8,87.4,106.8,104,68.2
15-Jan,90.7,86.3,93.8,80.1,82.2,91.1,88.5,86,97.3,95,89.7,82.6,107.2,105.6,96.5,87.7,107.9,104.6,68.1
15-Feb,91.3,86.9,94.4,80.8,82.8,92.2,89,88.1,97.5,95.5,90.3,83,107.5,106.2,96.7,87.6,108.5,105,68.9
15-Mar,92.1,87.8,95.1,81.7,83.5,94.1,90,89.6,97.3,96.5,91.2,83.1,107.5,106.2,96.4,88.3,109.4,105.9,71.8
15-Apr,92.8,88.5,95.8,82.4,84.2,95.9,90.8,91,96.9,96.8,91.9,83.6,107.1,106.2,97.2,88.7,110.4,106.3,73.1
15-May,93.4,89.2,96.3,83,84.6,97.7,91.7,92,97.1,97.9,92.6,84.1,106.3,105.9,96.6,88.5,111.2,106.9,75.1
15-Jun,93.9,89.7,96.8,83.5,85.3,99.3,92.1,92.4,97.2,98.8,93.2,84.5,106.2,106.1,97.3,88.3,111.3,107.2,76
15-Jul,94.7,90.6,97.7,84.5,86,101.2,93,93.4,97.6,100.5,94,85.2,106.8,106.5,97.6,89.5,112.5,107.9,76.7
15-Aug,95.4,91.3,98.4,85.2,86.7,102.7,93.7,94.1,98.1,101.6,94.6,86.1,106.3,107.2,98.2,89.9,113.1,108.2,80.3
15-Sep,96,91.8,99.1,85.8,87.6,103.8,94.5,94.9,98.3,103,95.1,87.2,106.5,107.6,98.3,90.4,113.1,108.6,80.4
15-Oct,96.4,92.3,99.4,86.3,88.4,104,94.8,95.6,98.1,103.8,95.5,87.2,106.5,107.4,98.4,90.2,113.1,108.9,87.1
15-Nov,96.4,92.4,99.3,86.6,88.9,102.3,94.8,95.6,97.8,104.3,95.5,87.7,106,107.3,97.7,90.9,112.8,108.7,86.8
15-Dec,95.7,91.8,98.6,86.1,88.8,99.6,94.3,95,97.6,103.9,94.9,87.5,105,107,97.5,91.1,110.2,107.8,89.7
16-Jan,95.6,91.8,98.4,85.9,88.8,98.5,94.6,95.8,97.8,103.8,94.8,88.5,105.1,106,97.2,90.7,109.2,107.4,91.2
16-Feb,95.8,91.9,98.7,86,89,97.7,94.7,95.5,98,103.7,94.9,89.7,104.6,106,98,91.6,110,108.1,95.3
16-Mar,95.6,91.9,98.4,86.2,89.5,96.8,94.9,95.6,98,104.1,94.9,89.3,104,105.7,98.1,91.4,108,107.6,93.8
16-Apr,95.6,92.1,98.2,86.6,89.7,95.6,94.9,95.1,97.6,103.5,95,90.6,103.6,105.2,97.9,92.1,108.2,107.1,97.2
16-May,95.6,92.5,97.9,87.1,90.2,94.7,95.2,95.2,97.9,103.8,95.3,90.1,103.6,104.1,97.3,91.6,107.6,106.2,95.3
16-Jun,96,93.1,98,88.1,90.5,94.7,95.6,95.3,97.8,103.3,95.8,91.4,103.3,103.9,97.8,92.2,106.7,106.2,96.6
16-Jul,96.5,94,98.4,89.4,91.6,94.7,96.2,95.8,98,103.8,96.4,92.6,103,104,97.6,92.6,106.2,106.5,99.3
16-Aug,97.1,94.9,98.7,90.5,92.9,94.5,96.9,96.4,98.9,103.2,97.1,93.6,102.5,103.9,97.5,93.3,106,106.4,98.4
16-Sep,97.9,95.7,99.5,91.6,94.9,95.3,97.9,96.7,99,103.6,97.8,94.5,102.9,103.6,98.4,94.4,106.4,106.9,99.6
16-Oct,98.5,96.6,100,92.7,96.8,95.7,99,97,99.4,103.9,98.5,95.7,102.4,103.7,98.6,94.1,105.2,106.7,102
16-Nov,98.6,96.6,100.2,92.7,97.9,95.6,99,96.9,99.6,103.9,98.4,95.8,102.2,103.6,99.1,95.1,105.2,106.6,102.1
16-Dec,98.2,96.1,99.9,92,97.7,95.1,98.3,96.7,100.1,104.2,98.1,96.4,101.5,103.3,98.2,94.2,104.5,106,100.6
17-Jan,98,95.8,99.7,91.7,98.2,94.6,98.2,97,100.2,103.4,97.9,96.4,101.5,102.9,98.8,93.8,103.8,105.2,99.6
17-Feb,98.3,95.9,100.1,91.9,99,95.1,98.3,97.4,100.3,103.1,98,97.3,101.8,102.3,99.2,94.8,103.9,105.2,102.3
17-Mar,98.4,96.3,100.1,92.5,99.5,95.2,98.6,96.9,99.5,103.7,98.2,97.3,101.8,102.2,99.1,95.8,102.7,105.2,100.4
17-Apr,98.3,96.3,99.8,92.7,99.8,95.1,98.6,97.2,99.6,102.3,98.1,97.4,100.9,101.3,99.2,96.4,102.3,104.4,98.1
17-May,98.6,97,99.8,94,100.2,95.2,98.9,97.7,99.9,101.6,98.5,98.6,101.1,101.1,98.9,97,101.5,103.6,98
17-Jun,99.2,98,100.1,95.7,100.7,95.9,99.3,98,100.4,102.3,99.2,98.8,101,101.1,99.2,97.3,101.2,103.1,101.3
17-Jul,99.9,99.3,100.4,97.9,101.1,97.1,100.1,98.6,100.6,102.1,99.9,99.3,100.3,101.1,99.7,98,100.9,102.8,100.1
17-Aug,100.1,99.6,100.5,98.2,101.1,98.6,100.4,99.4,100.6,101.6,100.3,99.3,100.3,100.9,99.9,98.9,100.7,102.3,97.4
17-Sep,100.2,99.8,100.5,98.6,100.4,99.6,100.6,99.6,100.7,101.6,100.4,100.1,100.6,100.9,100.8,99,101.3,101.5,99.9
17-Oct,100.3,100.3,100.3,99.6,100.1,99.9,100.8,99.8,101,100.6,100.6,100.2,99.6,100.3,100.9,100,100.4,100.9,98.8
17-Nov,100,100,100,100,100,100,100,100,100,100,100,100,100,100,100,100,100,100,100
17-Dec,99.7,100,99.5,100.9,99.1,99.9,99.9,100.7,100.3,98.8,99.4,99.6,99.1,99.2,100,99.1,99.3,99.1,98.5
18-Jan,99.9,100.8,99.2,102.9,98.7,100.4,100.1,101,100.1,98,99.6,99.7,98.1,99,100.4,100.4,98.5,98.1,97.9
18-Feb,100.4,101.7,99.2,104.8,98.4,101.3,100.1,101.5,100.1,97.8,100.1,100,98.6,99.6,99.8,100.2,98,97.8,98.6
18-Mar,100.4,102.2,98.8,106,98.1,101.5,99.7,102.2,100.2,96.5,100.4,99.2,98,98.2,98.9,100.6,97.7,96.6,98.5
18-Apr,100.5,102.6,98.7,107.5,98,101.9,99.1,103.2,100.4,96.1,100.4,98.5,97.2,97.7,99.3,100.8,96.5,96,97.1
18-May,100.2,102.7,98.1,107.9,97.6,102.1,99.1,103.7,99.9,94.3,100.3,98.5,96.5,96.9,98.7,101.4,95.2,94.6,95.9
18-Jun,100.1,102.8,97.9,108.5,96.9,102.3,98.9,104.2,100,93.5,100,98.4,95.9,96.7,98.5,101.6,94.9,94.2,98.3
18-Jul,100.1,103.3,97.4,110,96.3,102.5,98.8,105,99.7,91.7,100.2,97.3,95.1,95.4,98.3,101,94.6,93.7,97
18-Aug,101.2,105.6,97.4,114.4,96.5,103,99.4,107,100.1,91.2,101.5,96.8,94.4,95.3,98.2,101.7,93.3,92.6,98
18-Sep,102.6,108.5,97.7,120.7,96.2,104.2,99.5,109.3,100,90.9,102.8,96.8,94.4,94.9,98.5,102,93.5,92.2,98.8
18-Oct,102.9,109.1,97.7,121.7,96.3,104.4,99.8,111.2,101.2,90.6,103.4,97.2,93.2,94.9,98.3,102,92.6,91.9,96.3
18-Nov,102.2,108.2,97.2,119.9,95.3,104.1,99.1,112.3,101.5,89.5,103.1,94.3,92.4,94.6,97.2,102.5,92.4,91.4,95.8
18-Dec,101.5,107.4,96.4,118.6,94.2,104.2,99.1,111.9,101.5,88.4,102.4,93.4,90.6,94.1,96.6,101.7,91.2,90.4,96.7
19-Jan,101,106.7,96.2,117.3,94,103.8,99.1,113.1,101.5,87.9,101.9,93,90.5,93.7,96.1,102.6,90.3,89.5,96.3
19-Feb,100.6,106,96,116.3,94.4,103.4,99,112.9,101.6,87.3,101.3,92.4,90,93.6,96.5,102.7,89.9,88.8,95.8
19-Mar,99.9,105.3,95.4,115.1,93.3,103.7,98.3,112.7,102.4,86.5,100.9,92,89,92.8,95,102.7,88.6,88.5,93.4
19-Apr,99.6,105.1,95,115.1,93.3,103.2,98.2,112.3,102.5,86.7,100.6,90.9,88.4,92.4,94.4,102.1,88.8,87.2,94.5
19-May,99.5,105.2,94.7,116,92.3,103.7,97.8,111.5,102.5,86.6,100.3,90.5,87.6,92.5,94.1,102.4,88.3,87.1,91.9
19-Jun,99.8,106.2,94.4,118.4,91.9,103.6,98,111.8,103.2,86.1,100.6,90.4,86.6,92.3,93.7,102.3,88,86.3,92.4
19-Jul,100.2,107.2,94.3,120.7,91.9,104,98.2,112,104.1,85.6,100.9,88.9,87.5,91.8,93.7,102.1,87.7,86.1,91.8
19-Aug,100.5,107.9,94.4,122.2,91.7,104.8,98.4,112,105.5,85.6,101.2,89.2,87,92.1,93.4,101.7,87.5,85.8,91.7
19-Sep,100.9,108.5,94.5,123.4,91.6,105.1,98.5,112.9,106.6,85.8,101.5,88.7,86.5,92.1,93.6,102.2,87.8,85.6,91.3
19-Oct,101.4,109.4,94.7,125.2,91.4,105.6,99,113.8,108.2,86.8,101.9,88.6,86.4,92.4,93.5,102.2,87.5,85.2,93.4
19-Nov,102.3,110.5,95.4,127.3,93.9,106,99.1,114.3,110.7,87.6,102.6,88,86.1,92.2,93.3,102.3,87.1,85.8,93.3
19-Dec,103.3,111.6,96.3,129.3,96.1,106.6,99.5,113.7,113.3,89,103.4,88.1,86.7,93.4,93.5,102.2,87.6,86.6,92.8
20-Jan,104,112.8,96.7,130.5,96,107.5,100.5,114,115.5,89.5,104.8,88.3,87.1,93.7,93.4,102.6,87,87,91.8
20-Feb,105.4,115.2,97.3,132.3,96,108.3,102.7,115.2,118.2,90.1,107.5,88.9,87.9,93.6,95,103,87.1,86.9,92.4
20-Mar,106.3,117.1,97.3,133.2,96,108.3,105.7,114.7,120,90.3,109.8,89.1,87.6,94,94.5,103.5,86.5,87,89.3
20-Apr,106.3,117.1,97.3,132.1,95.6,108.2,106.6,114.7,120.9,89.8,110.4,89.7,88.1,94.2,94.3,103.6,86.9,86.4,90.9
20-May,107.1,118.2,97.9,132.6,95.6,109.1,108.4,114.9,123,89.9,111.7,90.1,90.4,94.8,95.4,104.1,87.6,86.8,91.6
20-Jun,109.2,121.2,99.2,137,97.1,109.7,110.3,115.8,126.2,91,114.1,90.7,93.5,95.7,96.4,104.5,88.8,87.7,93.2
20-Jul,111.6,125.4,100.2,143.9,98,110.9,111.2,116.4,128.1,92.1,117.4,91.4,93.8,96.7,97,105.9,89.2,88.4,92.5
20-Aug,113.1,127.8,100.8,148.6,98.5,112.2,110.9,116.7,130.4,92.8,119.2,91.5,93.5,97.3,96.7,106.3,89.7,88.4,93.1
20-Sep,114,129.2,101.5,150.4,99.4,113,111.5,117.1,132.3,93.8,120.4,92.8,93.8,97.6,97.3,107,89.3,88.3,93.3
20-Oct,115.6,130.8,103.1,151.5,102.3,115.4,111.6,118.4,134.8,95.5,122.7,93.8,94.8,98.5,97.8,107.6,90.3,89.1,93.1
20-Nov,118.3,133.3,106.1,153.9,108.3,119.3,112.8,121.5,136.8,99.9,125.6,93.7,95.5,99.7,99.7,107.8,92,91.6,94.3
20-Dec,121.4,136.6,109.3,157,114,124.3,114.9,123.3,138.4,103.6,129.2,95.7,97.1,101.7,101.9,108.1,95.7,94.7,96.4
21-Jan,124.9,141.8,111.6,161.8,115.1,129.3,118.5,125,142.1,106,134.8,98.9,99,103.7,103.7,108.7,97.3,96.3,97.1
21-Feb,127.7,,,164.7,116.5,131.5,121.2,126.9,144.9,107,140.4,100.3,101.8,104.4,105.5,109.5,99.3,96.9,99.5
